{
  "auroc": [
    0.7340338116981476,
    0.7207255005084586,
    0.7471056937601606
  ],
  "brier": [
    0.21958011785853188,
    0.21616261691376468,
    0.22302971742561967
  ],
  "ece": [
    0.11199672864255035,
    0.0961511081031968,
    0.1295454785992536
  ],
  "eo": {
    "mean": 0.10787298769814647,
    "lo": 0.06720783497286847,
    "hi": 0.14983986802130705
  },
  "spd": {
    "mean": 0.08824882674844843,
    "lo": 0.05164172539399566,
    "hi": 0.13192575232663792
  },
  "delta_fpr": {
    "mean": 0.056758106541117126,
    "lo": 0.034225887420228994,
    "hi": 0.08315744576623284
  }
}