Model,AUROC,Brier,ECE,Acc,F1
best_metrics,0.7394289764546924,0.2181019286711555,0.1140771538505146,0.6533333333333333,0.638888888888889
weighted,0.721000287948258,0.2273315639458506,0.14665856573114006,0.642,0.6167023554603854
stacking,0.7773089389475861,0.18704677133159042,0.03720896728215351,0.7113333333333334,0.6001846722068328
