{
  "weighted": {
    "auroc": 0.721000287948258,
    "brier": 0.2273315639458506,
    "ece": 0.14665856573114006,
    "eo": 0.15714285714285714,
    "spd": 0.09407103825136609,
    "delta_fpr": 0.052760927078016724,
    "threshold": 0.5040704078173122,
    "acc": 0.642,
    "f1": 0.6167023554603854,
    "fairness": {
      "eo": 0.16428571428571437,
      "spd": 0.08999999999999997,
      "delta_fpr": 0.045905051558211375,
      "per_group": {
        "0": {
          "tpr": 0.7133757961783439,
          "fpr": 0.3605769230769231,
          "pos": 0.5123287671232877,
          "n": 365
        },
        "1": {
          "tpr": 0.6357142857142857,
          "fpr": 0.4366812227074236,
          "pos": 0.5121951219512195,
          "n": 369
        },
        "2": {
          "tpr": 0.6834532374100719,
          "fpr": 0.3876651982378855,
          "pos": 0.5,
          "n": 366
        },
        "3": {
          "tpr": 0.8,
          "fpr": 0.43478260869565216,
          "pos": 0.59,
          "n": 400
        }
      },
      "threshold": 0.5040704078173122
    }
  },
  "stacking": {
    "auroc": 0.7773089389475861,
    "brier": 0.18704677133159042,
    "ece": 0.03720896728215351,
    "eo": 0.1331932773109244,
    "spd": 0.09357723577235771,
    "delta_fpr": 0.0220921602103389,
    "threshold": 0.5040704078173122,
    "acc": 0.7113333333333334,
    "f1": 0.6001846722068328,
    "fairness": {
      "eo": 0.12857142857142856,
      "spd": 0.09149728997289974,
      "delta_fpr": 0.022101653280397746,
      "per_group": {
        "0": {
          "tpr": 0.5286624203821656,
          "fpr": 0.16346153846153846,
          "pos": 0.32054794520547947,
          "n": 365
        },
        "1": {
          "tpr": 0.4714285714285714,
          "fpr": 0.14847161572052403,
          "pos": 0.27100271002710025,
          "n": 369
        },
        "2": {
          "tpr": 0.5323741007194245,
          "fpr": 0.18061674008810572,
          "pos": 0.31420765027322406,
          "n": 366
        },
        "3": {
          "tpr": 0.6,
          "fpr": 0.18695652173913044,
          "pos": 0.3625,
          "n": 400
        }
      },
      "threshold": 0.5040704078173122
    }
  },
  "best_single": "tab",
  "best_metrics": {
    "auroc": 0.7394289764546924,
    "brier": 0.2181019286711555,
    "ece": 0.1140771538505146,
    "eo": 0.17261705685618728,
    "spd": 0.10397260273972608,
    "delta_fpr": 0.09079396918116034,
    "threshold": 0.5040704078173122,
    "acc": 0.6533333333333333,
    "f1": 0.638888888888889
  }
}