Model,AUROC,Brier,ECE,Acc,F1
best_metrics,0.7347734443576809,0.21964814913447417,0.1235031560554823,0.6486666666666666,0.6275618374558304
weighted,0.7043100829514387,0.23028010396501591,0.1536184423441502,0.6373333333333333,0.6069364161849711
stacking,0.7564850655728235,0.19293716051377732,0.02803584519251447,0.7006666666666667,0.5636540330417881
